Spectrum	Spectrum File	Peptide	Modified Peptide	Extended Peptide	Prev AA	Next AA	Peptide Length	Charge	Retention	Observed Mass	Calibrated Observed Mass	Observed M/Z	Calibrated Observed M/Z	Calculated Peptide Mass	Calculated M/Z	Delta Mass	Expectation	Hyperscore	Nextscore	Probability	Number of Enzymatic Termini	Number of Missed Cleavages	Protein Start	Protein End	Intensity	Assigned Modifications	Observed Modifications	Purity	Is Unique	Protein	Protein ID	Entry Name	Gene	Protein Description	Mapped Genes	Mapped Proteins	Quan Usage	channel_126	channel_127N	channel_127C	channel_128N	channel_128C	channel_129N	channel_129C	channel_130N	channel_130C	channel_131N	channel_131C	channel_132N	channel_132C	channel_133N	channel_133C	channel_134N	channel_134C	channel_135N
Zelda_250228_P3730_PH_UK_TMT18plex_2prc.01494.01494.2	X:\05_Projects\Lorenz_Sonja\Kuliesiute_Ugne\interact-Zelda_250228_P3730_PH_UK_TMT18plex_2prc.pep.xml	DSHHPAR	n[305]DSHHPAR	APKRGSGK.DSHHPAR.TAHYGSIP	K	T	7	2	625.1888	1122.585	1122.5847	562.2998	562.2996	1122.5854	562.3	-0.0007	0.003404295	19.718	10.584	0.9987	2	0	193	199	61220136	N-term(304.2072)		1	true	sp|P02686|MBP_HUMAN	P02686	MBP_HUMAN	MBP	Myelin basic protein			true	421261.8125	532750.4375	78528.7266	22123.4766	15855.0635	0	0	0	0	1557.1344	3246.4998	1791.3857	2108.2908	0	2275.6543	2563.7261	2525.7327	7071.0796
Zelda_250228_P3730_PH_UK_TMT18plex_2prc.01500.01500.3	X:\05_Projects\Lorenz_Sonja\Kuliesiute_Ugne\interact-Zelda_250228_P3730_PH_UK_TMT18plex_2prc.pep.xml	RRPQSQER	n[305]RRPQSQER	APIIGAPK.RRPQSQER.WPVQAAAE	K	W	8	3	626.2809	1359.7648	1359.7662	454.2622	454.2627	1359.7656	454.2625	0.0006	0.000002762652	16.148	9.107	1	2	2	196	203	10132121	N-term(304.2072)		0.97	true	sp|Q96JE9|MAP6_HUMAN	Q96JE9	MAP6_HUMAN	MAP6	Microtubule-associated protein 6			true	43241.4492	182839.2188	28081.2402	11130.2607	4688.7788	0	0	0	0	1844.2992	2072.6382	4444.1709	8007.6743	3141.1133	2481.9231	1360.767	5317.8745	5591.6729
Zelda_250228_P3730_PH_UK_TMT18plex_2prc.01504.01504.3	X:\05_Projects\Lorenz_Sonja\Kuliesiute_Ugne\interact-Zelda_250228_P3730_PH_UK_TMT18plex_2prc.pep.xml	HGNSHQGEPR	n[305]HGNSHQGEPR	KIKEWYEK.HGNSHQGEPR.DYSKYYKT	K	D	10	3	626.9197	1421.7087	1421.7068	474.9102	474.9095	1421.7085	474.9101	-0.0017	2.403E-11	26.649	9.902	1	2	0	185	194	1292315.125	N-term(304.2072)		0.92	false	contam_sp|P13645|K1C10_HUMAN	P13645	K1C10_HUMAN	KRT10	Keratin, type I cytoskeletal 10		sp|P13645|K1C10_HUMAN	true	39204.9219	8714.9092	5729.0332	0	5389.5474	23717.8984	2532.981	3468.0686	7110.9009	4892.457	4023.1284	28625.8438	3788.2405	5637.1582	3939.2395	2407.5906	14226.248	20019.3945
Zelda_250228_P3730_PH_UK_TMT18plex_2prc.01514.01514.2	X:\05_Projects\Lorenz_Sonja\Kuliesiute_Ugne\interact-Zelda_250228_P3730_PH_UK_TMT18plex_2prc.pep.xml	AREEHER	n[305]AREEHER	ERIERVKK.AREEHER.AQREEEAR	K	A	7	2	628.3927	1229.6427	1229.643	615.8286	615.8288	1229.6438	615.8292	-0.0008	0.0003121752	19.194	9.533	0.9996	2	1	257	263	1528928.75	N-term(304.2072)		1	true	sp|P50502|F10A1_HUMAN	P50502	F10A1_HUMAN	ST13	Hsc70-interacting protein			true	59641.5	129581.2344	23227.2168	4562.0137	3119.3308	0	0	0	0	0	0	2368.8494	6952.2085	1302.3604	1333.975	0	3302.4658	2350.8987
Zelda_250228_P3730_PH_UK_TMT18plex_2prc.01530.01530.2	X:\05_Projects\Lorenz_Sonja\Kuliesiute_Ugne\interact-Zelda_250228_P3730_PH_UK_TMT18plex_2prc.pep.xml	AHSGHPGSPR	n[305]AHSGHPGSPR	VEEDRMRR.AHSGHPGSPR.GSISRHPS	R	G	10	2	630.4354	1305.6864	1305.6868	653.8505	653.8507	1305.6863	653.8504	0.0004	0.00001254613	23.656	9.036	1	2	0	231	240	4071134.5	N-term(304.2072)		1	true	sp|Q7Z6L0|PRRT2_HUMAN	Q7Z6L0	PRRT2_HUMAN	PRRT2	Proline-rich transmembrane protein 2			true	134823.0469	416650.5938	63414.0781	6975.7871	5543.5728	0	1533.891	0	2995.6826	4857.2871	5307.8369	4121.4194	14800.2842	2053.8789	12455.3184	2977.4797	28349.9531	24799.502
Zelda_250228_P3730_PH_UK_TMT18plex_2prc.01533.01533.3	X:\05_Projects\Lorenz_Sonja\Kuliesiute_Ugne\interact-Zelda_250228_P3730_PH_UK_TMT18plex_2prc.pep.xml	RREEQEAR	n[305]RREEQEAR	AEREAEAR.RREEQEAR.EKAQAEQE	R	E	8	3	630.9847	1376.7439	1376.7452	459.9219	459.9223	1376.7444	459.9221	0.0008	0.655912	12.992	12.992	0.9385	2	2	652	659	953790.75	N-term(304.2072)		0.94	true	sp|Q3KQU3|MA7D1_HUMAN	Q3KQU3	MA7D1_HUMAN	MAP7D1	MAP7 domain-containing protein 1			true	38010.1523	73169.9609	18324.9961	4433.7271	8170.9771	1366.3365	0	3454.1587	2650.9475	7448.9736	5667.5649	12735.8545	17176.0723	3856.5061	1432.1556	0	2808.9739	2303.7825
Zelda_250228_P3730_PH_UK_TMT18plex_2prc.01541.01541.3	X:\05_Projects\Lorenz_Sonja\Kuliesiute_Ugne\interact-Zelda_250228_P3730_PH_UK_TMT18plex_2prc.pep.xml	QGSGSGQSPGHGQR	n[305]QGSGSGQSPGHGQR	SQSSGYGR.QGSGSGQSPGHGQR.GSGSRQSP	R	G	14	3	631.9517	1642.8102	1642.8102	548.6107	548.6107	1642.8096	548.6105	0.0006	0.1395813	10.045	0	0.9998	2	0	1118	1131	0	N-term(304.2072)		0.93	false	contam_sp|Q86YZ3|HORN_HUMAN	Q86YZ3	HORN_HUMAN	HRNR	Hornerin		sp|Q86YZ3|HORN_HUMAN	true	30276.1152	45729.9453	8271.21	3804.0117	6136.5571	3591.217	0	0	1457.7004	2297.2986	0	6418.0664	5234.3564	2653.6238	1985.3662	1672.5471	3435.4688	3254.7246
Zelda_250228_P3730_PH_UK_TMT18plex_2prc.01552.01552.3	X:\05_Projects\Lorenz_Sonja\Kuliesiute_Ugne\interact-Zelda_250228_P3730_PH_UK_TMT18plex_2prc.pep.xml	TTSSSTRR	n[305]TTSSSTRR	GIINYQRR.TTSSSTRR.SGGGGGRF	R	S	8	3	633.4274	1198.6592	1198.6589	400.5603	400.5602	1198.659	400.5603	-0.0001	0.006030058	19.251	13.455	0.9998	2	1	31	38	5801578	N-term(304.2072)		0.97	false	contam_sp|P04264|K2C1_HUMAN	P04264	K2C1_HUMAN	KRT1	Keratin, type II cytoskeletal 1		sp|P04264|K2C1_HUMAN	true	22585.2969	26477.373	11716.5527	4140.7876	23768.9961	71974.1719	11858.292	11671.7334	19667.5352	24818.3359	16550.7539	209760.1562	15585.9199	34351.4688	41358.0469	14319.0781	10478.5	34487.3086
Zelda_250228_P3730_PH_UK_TMT18plex_2prc.01584.01584.3	X:\05_Projects\Lorenz_Sonja\Kuliesiute_Ugne\interact-Zelda_250228_P3730_PH_UK_TMT18plex_2prc.pep.xml	AQREEEARR	n[305]AQREEEARR	KAREEHER.AQREEEARR.QSGAQYGS	R	Q	9	3	637.5546	1447.7802	1447.7815	483.6007	483.6011	1447.7815	483.6011	0	0.0005180096	16.53	14.897	0.9996	2	2	264	272	8011406	N-term(304.2072)		0.82	false	sp|P50502|F10A1_HUMAN	P50502	F10A1_HUMAN	ST13	Hsc70-interacting protein	ST13P5	sp|Q8NFI4|F10A5_HUMAN	true	72741.5938	229434.3281	39302.5469	15322.5752	6560.915	0	0	1581.3752	2926.8943	4743.3892	3000.9478	6801.2124	15784.1006	3472.3821	7187.8428	2631.8159	8889.7119	8621.3359
Zelda_250228_P3730_PH_UK_TMT18plex_2prc.01587.01587.5	X:\05_Projects\Lorenz_Sonja\Kuliesiute_Ugne\interact-Zelda_250228_P3730_PH_UK_TMT18plex_2prc.pep.xml	RGSGKDSHHPAR	n[305]RGSGKDSHHPAR	GGDRGAPK.RGSGKDSHHPAR.TAHYGSIP	K	T	12	5	637.8995	1912.0615	1912.0637	383.4196	383.42	1912.0637	383.42	0	0.0002924519	17.832	9.77	0.9999	2	2	188	199	5049162	5K(304.2072), N-term(304.2072)		1	true	sp|P02686|MBP_HUMAN	P02686	MBP_HUMAN	MBP	Myelin basic protein			true	226355.9219	737446.875	62371.582	70466.5938	44521.2617	5183.71	5386.5327	1658.9861	3940.2251	3761.4785	6539.6172	6771.8389	13586.9688	2940.98	11828.1035	6869.5161	6991.9536	10432.2656
Zelda_250228_P3730_PH_UK_TMT18plex_2prc.01604.01604.3	X:\05_Projects\Lorenz_Sonja\Kuliesiute_Ugne\interact-Zelda_250228_P3730_PH_UK_TMT18plex_2prc.pep.xml	QREEAAR	n[305]QREEAAR	ARIAIIRK.QREEAAR.KKEEERKA	K	K	7	3	640.1024	1162.6368	1162.6382	388.5529	388.5533	1162.638	388.5533	0.0002	1.393977	9.241	7.44	0.994	2	1	149	155	6966166	N-term(304.2072)		1	false	sp|Q13442|HAP28_HUMAN	Q13442	HAP28_HUMAN	PDAP1	28 kDa heat- and acid-stable phosphoprotein			true	48238.2969	90228.1328	20956.2656	8892.6572	3449.3823	0	1484.1204	1781.3574	2848.3425	2270.7268	3227.6931	7304.4077	7840.7549	1694.038	2361.3704	0	5195.1851	3698.9854
Zelda_250228_P3730_PH_UK_TMT18plex_2prc.01634.01634.2	X:\05_Projects\Lorenz_Sonja\Kuliesiute_Ugne\interact-Zelda_250228_P3730_PH_UK_TMT18plex_2prc.pep.xml	RQQEEEER	n[305]RQQEEEER	TIEIIEVR.RQQEEEER.KRRPPSPE	R	K	8	2	643.8571	1406.708	1406.7076	704.3613	704.3611	1406.7075	704.361	0.0001	0.001904285	19.932	14.697	0.9966	2	1	2089	2096	840366.1875	N-term(304.2072)		1	true	sp|Q01082|SPTB2_HUMAN	Q01082	SPTB2_HUMAN	SPTBN1	Spectrin beta chain, non-erythrocytic 1			true	11611.8193	24993.0938	5094.1816	1419.6573	3958.001	0	1585.6971	0	1427.2057	4775.2593	4579.772	5393.9678	13460.0156	1739.9464	2470.21	1413.9755	14680.5664	4666.5981
Zelda_250228_P3730_PH_UK_TMT18plex_2prc.01643.01643.3	X:\05_Projects\Lorenz_Sonja\Kuliesiute_Ugne\interact-Zelda_250228_P3730_PH_UK_TMT18plex_2prc.pep.xml	RQVQGMQSSQQR	n[305]RQVQGM[147]QSSQQR	AEVEQATR.RQVQGMQSSQQR.NRERVIAQ	R	N	12	3	645.0885	1751.9011	1751.9021	584.9743	584.9746	1751.9022	584.9747	-0.0001	0.0004888015	13.709	6.057	0.9995	2	1	79	90	1831450.5	6M(15.9949), N-term(304.2072)		1	true	sp|O95670|VATG2_HUMAN	O95670	VATG2_HUMAN	ATP6V1G2	V-type proton ATPase subunit G 2			true	8663.9697	107793.1562	35442.1875	7466.4395	7412.7114	0	1540.7129	1094.8011	2927.1948	1735.5493	2006.6029	4287.9624	12402.4482	2612.605	5420.8335	3829.4785	7504.9717	9266.3994
Zelda_250228_P3730_PH_UK_TMT18plex_2prc.01656.01656.2	X:\05_Projects\Lorenz_Sonja\Kuliesiute_Ugne\interact-Zelda_250228_P3730_PH_UK_TMT18plex_2prc.pep.xml	QGSGSGQSPSR	n[305]QGSGSGQSPSR	RQSSGHGR.QGSGSGQSPSR.GRHGSGIG	R	G	11	2	646.7942	1350.681	1350.6816	676.3478	676.3481	1350.6812	676.3479	0.0004	0.0000004053382	22.594	9.155	1	2	0	1705	1715	1845605	N-term(304.2072)		1	false	contam_sp|Q86YZ3|HORN_HUMAN	Q86YZ3	HORN_HUMAN	HRNR	Hornerin		sp|Q86YZ3|HORN_HUMAN	true	26786.416	16280.6465	9380.4443	1949.2614	11994.6445	44137.5312	4512.0625	4273.1655	16193.3398	5901.7524	7019.3867	51094.2344	5846.0195	16085.917	17445.834	2358.8508	4781.9229	17571.9512
Zelda_250228_P3730_PH_UK_TMT18plex_2prc.01657.01657.3	X:\05_Projects\Lorenz_Sonja\Kuliesiute_Ugne\interact-Zelda_250228_P3730_PH_UK_TMT18plex_2prc.pep.xml	EREEQER	n[305]EREEQER	RRQAREQR.EREEQER.RIQAERDK	R	R	7	3	646.9144	1278.6481	1278.6492	427.2233	427.2237	1278.6489	427.2236	0.0002	0.07960528	14.985	11.475	0.9964	2	1	615	621	814136.8125	N-term(304.2072)		0.8	false	sp|Q3KQU3|MA7D1_HUMAN	Q3KQU3	MA7D1_HUMAN	MAP7D1	MAP7 domain-containing protein 1	TAF1	sp|P21675|TAF1_HUMAN	true	61784.5898	87800.0312	21515.3223	9278.2578	5301.6885	1339.576	0	2040.5504	1622.0505	3724.1887	2477.9443	4480.2715	7685.1709	2112.6589	2571.3977	0	3329.3811	2830.4199
Zelda_250228_P3730_PH_UK_TMT18plex_2prc.01668.01668.2	X:\05_Projects\Lorenz_Sonja\Kuliesiute_Ugne\interact-Zelda_250228_P3730_PH_UK_TMT18plex_2prc.pep.xml	HQPGGGK	HQPGGGK	IGSTENIK.HQPGGGK.VQIINKKI	K	V	7	2	648.3769	983.5467	983.5477	492.7806	492.7811	983.5474	492.781	0.0003	0.02816761	13.701	0	0.9936	2	0	585	591	1163610.75	7K(304.2072)		0.95	true	sp|P10636|TAU_HUMAN	P10636	TAU_HUMAN	MAPT	Microtubule-associated protein tau			true	12586.1875	133029.4688	40661.2266	4012.5491	2641.1743	0	0	0	1658.2736	2163.875	3286.0676	2519.1541	1630.4607	0	0	0	2563.572	3119.4338
Zelda_250228_P3730_PH_UK_TMT18plex_2prc.01671.01671.3	X:\05_Projects\Lorenz_Sonja\Kuliesiute_Ugne\interact-Zelda_250228_P3730_PH_UK_TMT18plex_2prc.pep.xml	THEEHHAAK	n[43]THEEHHAAK	.THEEHHAAK.TIGIGKAI	M	T	9	3	648.7372	1404.708	1404.7087	469.2433	469.2435	1404.707	469.2429	0.0017	0.1668207	10.611	0	0.9464	2	0	2	10	583562.625	9K(304.2072), N-term(42.0106)		0.93	true	sp|P08237|PFKAM_HUMAN	P08237	PFKAM_HUMAN	PFKM	ATP-dependent 6-phosphofructokinase, muscle type			false	6730.4067	17404.5195	3632.5593	1814.004	3953.4722	1268.8088	0	3091.2078	1281.0612	3217.4207	1521.5258	4324.7183	2861.8132	1310.8761	1219.303	0	4259.083	3023.3022
Zelda_250228_P3730_PH_UK_TMT18plex_2prc.01685.01685.3	X:\05_Projects\Lorenz_Sonja\Kuliesiute_Ugne\interact-Zelda_250228_P3730_PH_UK_TMT18plex_2prc.pep.xml	DSRSGSPMAR	n[305]DSRSGSPM[147]AR	KIFKIGGR.DSRSGSPMAR.	R	R	10	3	650.8215	1382.6888	1382.69	461.9035	461.9039	1382.6897	461.9038	0.0002	0.0359977	14.582	9.557	0.9916	2	1	294	303	1554076.25	8M(15.9949), N-term(304.2072)		0.98	true	sp|P02686|MBP_HUMAN	P02686	MBP_HUMAN	MBP	Myelin basic protein			true	75060.2891	103917.5547	24507.9785	9309.9219	7428.7495	5574.77	5532.2598	17603.1621	7326.2583	41846.9023	6654.5386	25481.2207	4779.1318	1896.6377	1444.2195	1092.2601	5640.9956	4507.4565
Zelda_250228_P3730_PH_UK_TMT18plex_2prc.01689.01689.2	X:\05_Projects\Lorenz_Sonja\Kuliesiute_Ugne\interact-Zelda_250228_P3730_PH_UK_TMT18plex_2prc.pep.xml	QQQAGAR	n[305]QQQAGAR	PPGGPGPR.QQQAGAR.LGAAQSPF	R	L	7	2	651.3129	1061.5907	1061.5917	531.8026	531.8031	1061.5902	531.8024	0.0014	0.00001263788	16.952	16.952	0.9912	2	0	50	56	1224084.625	N-term(304.2072)		1	false	sp|Q96D05|F241B_HUMAN	Q96D05	F241B_HUMAN	FAM241B	Protein FAM241B	RBM33	sp|Q96EV2|RBM33_HUMAN	true	12122.7158	60586.1367	68721.375	5159.0679	7310.3081	0	4852.3013	1396.3297	6338.5752	6964.9126	6581.7212	4572.9263	38522.957	8599.8359	19501.2285	8423.6865	23914.2031	22329.2949
Zelda_250228_P3730_PH_UK_TMT18plex_2prc.01692.01692.2	X:\05_Projects\Lorenz_Sonja\Kuliesiute_Ugne\interact-Zelda_250228_P3730_PH_UK_TMT18plex_2prc.pep.xml	CRDDSDCAR	n[305]CRDDSDCAR	AFKSKSEK.CRDDSDCAR.EGICNGFT	K	E	9	2	651.7935	1457.6318	1457.6307	729.8232	729.8226	1457.6312	729.8229	-0.0004	0.001197429	19.187	11.081	0.9984	2	1	524	532	324342.8438	1C(57.0215), 7C(57.0215), N-term(304.2072)		1	true	sp|O14672|ADA10_HUMAN	O14672	ADA10_HUMAN	ADAM10	Disintegrin and metalloproteinase domain-containing protein 10			false	20698.2207	20870.2324	4361.1118	1472.6302	1671.6536	0	0	0	0	0	0	1192.3472	1759.1007	0	0	0	1714.5459	1512.2002
Zelda_250228_P3730_PH_UK_TMT18plex_2prc.01703.01703.2	X:\05_Projects\Lorenz_Sonja\Kuliesiute_Ugne\interact-Zelda_250228_P3730_PH_UK_TMT18plex_2prc.pep.xml	QQEGESR	n[305]QQEGESR	VIITAGAR.QQEGESR.LNIVQRNV	R	L	7	2	653.3751	1136.5751	1136.5754	569.2948	569.295	1136.5747	569.2946	0.0007	0.00118436	18.407	9.425	0.9975	2	0	100	106	8819181	N-term(304.2072)		0.97	false	sp|P00338|LDHA_HUMAN	P00338	LDHA_HUMAN	LDHA	L-lactate dehydrogenase A chain	LDHB	sp|P07195|LDHB_HUMAN	true	68550.3594	99930.4141	40721.6914	7940.9927	62801.2656	10835.0693	2461.7366	2378.3711	12451.0693	15654.209	19930.7949	76226.8203	62560.543	10603.666	10071.5176	11830.9668	78593.625	64468.3398
Zelda_250228_P3730_PH_UK_TMT18plex_2prc.01712.01712.2	X:\05_Projects\Lorenz_Sonja\Kuliesiute_Ugne\interact-Zelda_250228_P3730_PH_UK_TMT18plex_2prc.pep.xml	TGNAGSR	n[305]TGNAGSR	GGNEESTK.TGNAGSR.LACGVIGI	K	L	7	2	654.8564	965.5216	965.5217	483.7681	483.7681	965.5216	483.7681	0.0001	0.007472958	18.091	10.649	0.9973	2	0	138	144	14622576	N-term(304.2072)		0.66	true	sp|P00441|SODC_HUMAN	P00441	SODC_HUMAN	SOD1	Superoxide dismutase [Cu-Zn]			true	32920.7969	155704.8281	114556.7031	11797.1436	21634.0488	2982.6765	2503.2751	2405.8979	10214.085	4976.1758	10516.5352	13471.3887	30045.9844	5748.9458	10886.459	5641.8716	27019.4766	30940.6074
Zelda_250228_P3730_PH_UK_TMT18plex_2prc.01765.01765.2	X:\05_Projects\Lorenz_Sonja\Kuliesiute_Ugne\interact-Zelda_250228_P3730_PH_UK_TMT18plex_2prc.pep.xml	GSGKDSHHPAR	n[305]GSGKDSHHPAR	GDRGAPKR.GSGKDSHHPAR.TAHYGSIP	R	T	11	2	662.8161	1755.9595	1755.9619	878.987	878.9882	1755.9626	878.9886	-0.0007	0.001339804	17.057	7.133	0.9988	2	1	189	199	987855.5625	4K(304.2072), N-term(304.2072)		1	true	sp|P02686|MBP_HUMAN	P02686	MBP_HUMAN	MBP	Myelin basic protein			true	56207.1406	107743.0312	13321.209	4848.9238	9885.3408	0	1146.7974	0	0	1551.0472	1312.1008	1678.9352	1431.5341	0	2630.3198	2007.064	1671.9089	1503.6442
Zelda_250228_P3730_PH_UK_TMT18plex_2prc.01777.01777.2	X:\05_Projects\Lorenz_Sonja\Kuliesiute_Ugne\interact-Zelda_250228_P3730_PH_UK_TMT18plex_2prc.pep.xml	AQGSTSSTR	n[305]AQGSTSSTR	IVRIRQKK.AQGSTSSTR.LHEPEKNA	K	L	9	2	664.5194	1197.6268	1197.6268	599.8207	599.8207	1197.6274	599.821	-0.0006	3.23E-12	24.728	12.352	1	2	0	401	409	29646540	N-term(304.2072)		1	true	sp|P78324|SHPS1_HUMAN	P78324	SHPS1_HUMAN	SIRPA	Tyrosine-protein phosphatase non-receptor type substrate 1			true	106542.4688	294468.9375	69975.7812	9319.0967	7509.5425	2523.2566	2622.1206	1107.0712	1807.4836	2005.1046	6928.46	6349.7905	12556.1211	1951.9219	4623.3169	2091.822	14533.9619	8141.2661
Zelda_250228_P3730_PH_UK_TMT18plex_2prc.01779.01779.2	X:\05_Projects\Lorenz_Sonja\Kuliesiute_Ugne\interact-Zelda_250228_P3730_PH_UK_TMT18plex_2prc.pep.xml	SQEAGGR	n[305]SQEAGGR	WRDSEWIR.SQEAGGR.VVPDSCCK	R	V	7	2	664.7301	1007.5314	1007.5296	504.773	504.7721	1007.5321	504.7733	-0.0025	0.0007444053	15.69	8.058	0.9974	2	0	172	178	1328485.875	N-term(304.2072)		1	true	sp|P48509|CD151_HUMAN	P48509	CD151_HUMAN	CD151	CD151 antigen			true	169130.3906	138964.625	24224.8047	2591.5627	4530.2437	1658.1349	1457.3427	0	0	3976.405	2762.6711	4199.4355	14731.7822	1744.6421	5297.1846	2060.5903	5295.4458	5209.6631
Zelda_250228_P3730_PH_UK_TMT18plex_2prc.01782.01782.2	X:\05_Projects\Lorenz_Sonja\Kuliesiute_Ugne\interact-Zelda_250228_P3730_PH_UK_TMT18plex_2prc.pep.xml	ARCEEESR	n[305]ARCEEESR	AEEVQRIR.ARCEEESR.GREGAERA	R	G	8	2	665.2504	1339.6464	1339.6472	670.8305	670.8309	1339.6475	670.831	-0.0002	0.1206523	16.211	13.086	0.9516	2	1	180	187	397406.1875	3C(57.0215), N-term(304.2072)		1	true	sp|Q16352|AINX_HUMAN	Q16352	AINX_HUMAN	INA	Alpha-internexin			false	5405.5239	9528.5244	4400.7046	1156.2158	11767.8447	1535.114	2287.323	2796.0215	2220.5256	4793.2793	3720.9126	9053.9189	7605.6533	5526.8945	1883.4802	1559.6488	5115.0317	2825.2876
Zelda_250228_P3730_PH_UK_TMT18plex_2prc.01788.01788.3	X:\05_Projects\Lorenz_Sonja\Kuliesiute_Ugne\interact-Zelda_250228_P3730_PH_UK_TMT18plex_2prc.pep.xml	GGGGSGTGSRPEGTAR	n[305]GGGGSGTGSRPEGTAR	MER.GGGGSGTGSRPEGTAR.GTSIPGKI	R	G	16	3	666.1088	1706.8611	1706.8619	569.961	569.9612	1706.862	569.9613	-0.0001	0.05037453	11.454	7.48	0.9986	2	1	4	19	547185.5	N-term(304.2072)		0.91	true	sp|Q96T17|MA7D2_HUMAN	Q96T17	MA7D2_HUMAN	MAP7D2	MAP7 domain-containing protein 2			true	32536.1953	67277.5156	17473.0156	6816.9609	6578.8711	2093.8464	3233.2021	0	1953.4335	2873.6504	2390.2571	8293.0029	7535.1533	1555.5634	1875.2772	1018.9258	4446.4746	4971.4702
Zelda_250228_P3730_PH_UK_TMT18plex_2prc.01808.01808.2	X:\05_Projects\Lorenz_Sonja\Kuliesiute_Ugne\interact-Zelda_250228_P3730_PH_UK_TMT18plex_2prc.pep.xml	GQANATR	n[305]GQANATR	GAAPPGQK.GQANATR.IPAKTPPA	K	I	7	2	668.8788	1020.5633	1020.5619	511.2889	511.2882	1020.5637	511.2891	-0.0018	0.0005847196	18.704	14.837	0.9901	2	0	481	487	114344888	N-term(304.2072)		0.98	true	sp|P10636|TAU_HUMAN	P10636	TAU_HUMAN	MAPT	Microtubule-associated protein tau			true	132899.1406	1088844	106752.8047	36763.6094	14445.1338	2190.3101	3363.2251	2257.593	4397.9458	9058.0449	11485.5479	11570.0801	33821.8828	5781.9683	11939.4492	5255.981	33244.9453	24580.1582
Zelda_250228_P3730_PH_UK_TMT18plex_2prc.01811.01811.2	X:\05_Projects\Lorenz_Sonja\Kuliesiute_Ugne\interact-Zelda_250228_P3730_PH_UK_TMT18plex_2prc.pep.xml	QVQGMQSSQQR		EVEQATRR.QVQGMQSSQQR.NRERVIAQ	R	N	11	2	669.3989	1275.5984	1275.599	638.8065	638.8068	1275.5989	638.8067	0.0001	7.893E-10	24.674	9.317	1	2	0	80	90	512009.5312			0.73	true	sp|O95670|VATG2_HUMAN	O95670	VATG2_HUMAN	ATP6V1G2	V-type proton ATPase subunit G 2			false	0	0	0	0	0	0	0	0	0	0	0	0	0	0	0	0	0	0
Zelda_250228_P3730_PH_UK_TMT18plex_2prc.01817.01817.2	X:\05_Projects\Lorenz_Sonja\Kuliesiute_Ugne\interact-Zelda_250228_P3730_PH_UK_TMT18plex_2prc.pep.xml	EGEGSQQSR	n[305]EGEGSQQSR	SDGEQKTK.EGEGSQQSR.GRKYGSNV	K	G	9	2	670.2634	1280.6271	1280.6289	641.3208	641.3217	1280.6282	641.3214	0.0007	0.0000238035	15.379	7.356	0.9991	2	0	47	55	519635.0938	N-term(304.2072)		0.84	true	sp|Q9ULJ8|NEB1_HUMAN	Q9ULJ8	NEB1_HUMAN	PPP1R9A	Neurabin-1			true	13064.0342	70425.5703	13241.4229	2632.592	2788.8904	0	0	1168.1021	2173.2861	2718.3003	2879.4097	3236.792	20154.1426	2947.9905	4030.4512	2785.3887	6599.0039	1705.9387
Zelda_250228_P3730_PH_UK_TMT18plex_2prc.01844.01844.2	X:\05_Projects\Lorenz_Sonja\Kuliesiute_Ugne\interact-Zelda_250228_P3730_PH_UK_TMT18plex_2prc.pep.xml	STGPTAATGSNRR	n[43]STGPTAATGSNRR	.STGPTAATGSNRR.LQQTQNQV	M	L	13	2	674.2565	1316.6423	1316.6427	659.3284	659.3286	1316.6433	659.3289	-0.0006	0.8076997	10.871	0	0.9132	2	1	2	14	5079263.5	N-term(42.0106)		1	true	sp|Q15836|VAMP3_HUMAN	Q15836	VAMP3_HUMAN	VAMP3	Vesicle-associated membrane protein 3			false	0	0	0	0	0	0	0	0	0	0	0	0	0	0	0	0	0	0
Zelda_250228_P3730_PH_UK_TMT18plex_2prc.01848.01848.2	X:\05_Projects\Lorenz_Sonja\Kuliesiute_Ugne\interact-Zelda_250228_P3730_PH_UK_TMT18plex_2prc.pep.xml	NASCGTR	n[305]NASCGTR	GSTVRQRK.NASCGTR.SAGRTTSA	K	S	7	2	674.8541	1068.5297	1068.53	535.2721	535.2723	1068.5308	535.2727	-0.0007	0.006785965	14.657	7.97	0.992	2	0	36	42	847631.3125	4C(57.0215), N-term(304.2072)		1	true	sp|P60468|SC61B_HUMAN	P60468	SC61B_HUMAN	SEC61B	Protein transport protein Sec61 subunit beta			true	38628.1992	94845.125	31833.7598	6662.0498	6502.7676	10683.5684	2678.3218	1858.9786	4118.9341	4661.5332	4306.0732	4498.4263	21266.9688	3194.6062	8707.3916	4731.144	9138.2705	12005.0107
Zelda_250228_P3730_PH_UK_TMT18plex_2prc.01856.01856.3	X:\05_Projects\Lorenz_Sonja\Kuliesiute_Ugne\interact-Zelda_250228_P3730_PH_UK_TMT18plex_2prc.pep.xml	TDQDEEHCR	n[305]TDQDEEHCR	FFWMQEPK.TDQDEEHCR.KVNEYINN	K	K	9	3	676.2941	1492.6528	1492.6533	498.5582	498.5584	1492.6538	498.5585	-0.0004	0.0001856736	24.425	0	1	2	0	114	122	588428.5625	8C(57.0215), N-term(304.2072)		0.51	true	sp|Q16186|ADRM1_HUMAN	Q16186	ADRM1_HUMAN	ADRM1	Proteasomal ubiquitin receptor ADRM1			true	27241.9551	61833.4609	18275.7539	5703.0757	11147.5879	4839.4819	2694.2058	3314.7195	4093.7156	9152.7412	6111.2153	17714.834	22948.0215	6974.9746	4579.1816	2776.6025	11052.8438	10376.9922
Zelda_250228_P3730_PH_UK_TMT18plex_2prc.01859.01859.2	X:\05_Projects\Lorenz_Sonja\Kuliesiute_Ugne\interact-Zelda_250228_P3730_PH_UK_TMT18plex_2prc.pep.xml	SSGNSSSSGSGSGSTSAGSSSPGAR	n[305]SSGNSSSSGSGSGSTSAGSSSPGAR	MAQRKNAK.SSGNSSSSGSGSGSTSAGSSSPGAR.RETKHGGH	K	R	25	2	676.6548	2406.0776	2406.0789	1204.0461	1204.0467	2406.0815	1204.048	-0.0026	0.0000007638365	33.968	8.241	1	2	0	9	33	305960.9062	N-term(304.2072)		1	true	sp|Q12797|ASPH_HUMAN	Q12797	ASPH_HUMAN	ASPH	Aspartyl/asparaginyl beta-hydroxylase			false	18840.4668	32843.9805	6337.041	0	0	2340.1211	0	0	0	0	0	1147.8851	5487.584	0	0	1209.4573	1061.7993	0
Zelda_250228_P3730_PH_UK_TMT18plex_2prc.01864.01864.3	X:\05_Projects\Lorenz_Sonja\Kuliesiute_Ugne\interact-Zelda_250228_P3730_PH_UK_TMT18plex_2prc.pep.xml	HPRPAAQPSAR	n[305]HPRPAAQPSAR	PAHRAHPR.HPRPAAQPSAR.RMDGGSGG	R	R	11	3	677.2268	1490.8384	1490.8391	497.9534	497.9536	1490.8391	497.9536	0	0.000166736	22.362	8.247	1	2	1	53	63	704103.6875	N-term(304.2072)		0.78	true	sp|Q9NZJ7|MTCH1_HUMAN	Q9NZJ7	MTCH1_HUMAN	MTCH1	Mitochondrial carrier homolog 1			true	20454.3652	40284.418	11101.3799	4419.4097	12955.957	5032.4995	2052.2659	4904.7388	3753.3618	12696.7129	8620.2578	18832.7988	28355.8672	7938.2676	6336.3423	4337.2012	15811.0137	9201.3828
Zelda_250228_P3730_PH_UK_TMT18plex_2prc.01878.01878.3	X:\05_Projects\Lorenz_Sonja\Kuliesiute_Ugne\interact-Zelda_250228_P3730_PH_UK_TMT18plex_2prc.pep.xml	REQAEEER	n[305]REQAEEER	EAGGAFGK.REQAEEER.YFRAQSRE	K	Y	8	3	679.178	1349.6841	1349.6854	450.902	450.9024	1349.686	450.9026	-0.0006	0.000001334819	26.088	18.224	0.9999	2	1	50	57	33554688	N-term(304.2072)		0.88	true	sp|Q9UII2|ATIF1_HUMAN	Q9UII2	ATIF1_HUMAN	ATP5IF1	ATPase inhibitor, mitochondrial			true	115946.0938	742368.25	120090.125	57850.207	10722.1514	2292.7981	4481.4976	6381.5679	23658.1406	7651.7651	12533.833	6434.5166	26697.4746	4393.7734	10969.8799	9039.5811	12976.2129	14257.1787
Zelda_250228_P3730_PH_UK_TMT18plex_2prc.01884.01884.3	X:\05_Projects\Lorenz_Sonja\Kuliesiute_Ugne\interact-Zelda_250228_P3730_PH_UK_TMT18plex_2prc.pep.xml	ASGADERDTR	n[305]ASGADERDTR	AGGIAAGK.ASGADERDTR.RKAGPAWI	K	R	10	3	680.1887	1380.6906	1380.6913	461.2375	461.2377	1380.6919	461.2379	-0.0006	0.00002356624	22.492	10.466	1	2	1	230	239	14926036	N-term(304.2072)		0.98	true	sp|Q96JE9|MAP6_HUMAN	Q96JE9	MAP6_HUMAN	MAP6	Microtubule-associated protein 6			true	84881.3359	222983.125	45831.207	15817.1963	8909.8662	3210.4973	3653.6379	5418.6069	2054.2817	16296.9453	6072.1138	16663.0723	13670.1182	6655.73	5076.1626	3121.5469	8844.75	6754.7275
Zelda_250228_P3730_PH_UK_TMT18plex_2prc.01885.01885.2	X:\05_Projects\Lorenz_Sonja\Kuliesiute_Ugne\interact-Zelda_250228_P3730_PH_UK_TMT18plex_2prc.pep.xml	NTTGTGR	n[305]NTTGTGR	WSAKAKRR.NTTGTGR.MRHIKIVY	R	M	7	2	680.3265	1009.5468	1009.5474	505.7807	505.781	1009.5478	505.7812	-0.0003	0.006342138	16.957	9.765	0.9918	2	0	57	63	8923274	N-term(304.2072)		0.94	true	sp|P61927|RL37_HUMAN	P61927	RL37_HUMAN	RPL37	60S ribosomal protein L37			true	573068.25	440929.2812	74776.7812	24131.1836	15227.8525	15501.6416	6138.0654	2653.7507	6003.6685	10269.2676	11327.207	13481.1953	45731.6445	7692.1992	19373.752	8531.9053	21665.1816	28718.582
Zelda_250228_P3730_PH_UK_TMT18plex_2prc.01887.01887.2	X:\05_Projects\Lorenz_Sonja\Kuliesiute_Ugne\interact-Zelda_250228_P3730_PH_UK_TMT18plex_2prc.pep.xml	AQREEEAR	n[305]AQREEEAR	KAREEHER.AQREEEAR.RQSGAQYG	R	R	8	2	680.5668	1291.6796	1291.6804	646.8471	646.8475	1291.6804	646.8475	0	0.000840602	23.693	19.895	0.9995	2	1	264	271	4020622	N-term(304.2072)		1	false	sp|P50502|F10A1_HUMAN	P50502	F10A1_HUMAN	ST13	Hsc70-interacting protein	ST13P5	sp|Q8NFI4|F10A5_HUMAN	true	86806.9766	172350.5625	34936.6562	5278.1807	3137.3411	0	1158.5132	1134.4731	1830.4591	2205.8794	2921.5259	1827.9122	4657.1206	1932.2025	3450.3684	0	5238.7588	4185.9531
Zelda_250228_P3730_PH_UK_TMT18plex_2prc.01896.01896.2	X:\05_Projects\Lorenz_Sonja\Kuliesiute_Ugne\interact-Zelda_250228_P3730_PH_UK_TMT18plex_2prc.pep.xml	HEANDYRR	n[305]HEANDYRR	AEIIRQAK.HEANDYRR.QIQSITCD	K	Q	8	2	681.7858	1363.6914	1363.692	682.853	682.8533	1363.6917	682.8531	0.0003	0.0000001880972	20.571	12.355	1	2	1	280	287	919496.5	N-term(304.2072)		1	true	sp|P14136|GFAP_HUMAN	P14136	GFAP_HUMAN	GFAP	Glial fibrillary acidic protein			true	25703.7715	35583.2305	5375.4683	2337.0955	11443.2529	15770.9873	2275.8267	1968.8639	6278.041	5097.1626	11491.127	5360.6787	27075.3281	24950.2598	3615.6858	3832.3779	11290.7148	12519.3721
Zelda_250228_P3730_PH_UK_TMT18plex_2prc.01901.01901.3	X:\05_Projects\Lorenz_Sonja\Kuliesiute_Ugne\interact-Zelda_250228_P3730_PH_UK_TMT18plex_2prc.pep.xml	SEETQERER	n[305]SEETQERER	RERHPSWR.SEETQERER.SRTGSESS	R	S	9	3	682.3624	1466.7273	1466.7286	489.9164	489.9168	1466.7285	489.9168	0.0001	0.0004326228	17.403	9.529	1	2	1	409	417	1201522.625	N-term(304.2072)		0.68	true	sp|P23588|IF4B_HUMAN	P23588	IF4B_HUMAN	EIF4B	Eukaryotic translation initiation factor 4B			true	35510.0195	237429.4062	29217.3867	12283.4531	10756.2266	5033.5874	1840.2144	2022.9388	2653.1729	5923.0679	5325.1001	15859.7041	15049.4248	1571.0619	1908.5417	2041.321	4695.1772	4975.1851
Zelda_250228_P3730_PH_UK_TMT18plex_2prc.01907.01907.2	X:\05_Projects\Lorenz_Sonja\Kuliesiute_Ugne\interact-Zelda_250228_P3730_PH_UK_TMT18plex_2prc.pep.xml	GGAGGSPGSSSGSGSSR	n[305]GGAGGSPGSSSGSGSSR	RVFFQSPR.GGAGGSPGSSSGSGSSR.EDSAPVAT	R	E	17	2	683.254	1654.7827	1654.7838	828.3986	828.3992	1654.7832	828.3989	0.0006	0.02836286	12.689	0	0.9993	2	0	28	44	319021.7812	N-term(304.2072)		1	true	sp|Q8TAE6|PP14C_HUMAN	Q8TAE6	PP14C_HUMAN	PPP1R14C	Protein phosphatase 1 regulatory subunit 14C			true	6127.2563	47289.9297	15578.2607	1544.7301	0	0	0	0	0	0	0	1707.4486	3306.8452	0	0	1662.0942	4562.5176	5527.5815
Zelda_250228_P3730_PH_UK_TMT18plex_2prc.01913.01913.2	X:\05_Projects\Lorenz_Sonja\Kuliesiute_Ugne\interact-Zelda_250228_P3730_PH_UK_TMT18plex_2prc.pep.xml	QASSQPR	n[305]QASSQPR	VRIEERIR.QASSQPR.REYQPKPR	R	R	7	2	684.0994	1076.5896	1076.5902	539.3021	539.3024	1076.5898	539.3022	0.0003	0.0004459609	16.613	8.298	0.999	2	0	246	252	6873615.5	N-term(304.2072)		1	true	sp|Q99962|SH3G2_HUMAN	Q99962	SH3G2_HUMAN	SH3GL2	Endophilin-A1			true	27376.0781	104454.2891	54337.7617	10310.373	85415.1016	0	3776.8989	5001.4463	9440.6104	26368.2012	22726.5938	93863.0469	108571.7969	18179.4824	13470.5791	11074.1787	69207.7109	57668.9688
Zelda_250228_P3730_PH_UK_TMT18plex_2prc.01914.01914.2	X:\05_Projects\Lorenz_Sonja\Kuliesiute_Ugne\interact-Zelda_250228_P3730_PH_UK_TMT18plex_2prc.pep.xml	SAHQVAR	n[305]SAHQVAR	IVITKSGR.SAHQVAR.YRPRAPII	R	Y	7	2	684.2416	1071.6113	1071.614	536.8129	536.8143	1071.611	536.8128	0.003	0.000004682729	20.159	9.31	0.9987	2	0	437	443	2100006.5	N-term(304.2072)		0.85	true	sp|P14618|KPYM_HUMAN	P14618	KPYM_HUMAN	PKM	Pyruvate kinase PKM			true	59089.1484	117422.2734	29914.0918	8594.1465	57042.0547	6012.4258	3559.7673	2902.8298	4575.6226	20429.8301	23578.748	55433.7383	48237.5508	15193.1846	14805.8174	10279.9766	79073.9219	51992.1797
Zelda_250228_P3730_PH_UK_TMT18plex_2prc.01945.01945.2	X:\05_Projects\Lorenz_Sonja\Kuliesiute_Ugne\interact-Zelda_250228_P3730_PH_UK_TMT18plex_2prc.pep.xml	EQAQSCR	n[305]EQAQSCR	GSSIQAIR.EQAQSCR.QQVAPTDD	R	Q	7	2	688.5186	1181.578	1181.5781	591.7963	591.7963	1181.5784	591.7965	-0.0002	0.000002404034	18.528	8.634	0.9998	2	0	951	957	5038875	6C(57.0215), N-term(304.2072)		1	true	sp|Q13813|SPTN1_HUMAN	Q13813	SPTN1_HUMAN	SPTAN1	Spectrin alpha chain, non-erythrocytic 1			true	39836.0977	107613.1094	16633.9629	5192.4648	22254.7695	1233.7422	1796.0497	0	1855.6494	8668.29	20400.4395	21604.2441	58339.7656	2387.6289	9415.293	4311.6675	71075.4062	18278.5137
Zelda_250228_P3730_PH_UK_TMT18plex_2prc.01960.01960.3	X:\05_Projects\Lorenz_Sonja\Kuliesiute_Ugne\interact-Zelda_250228_P3730_PH_UK_TMT18plex_2prc.pep.xml	GGSAAATSNPHHDNVR	n[305]GGSAAATSNPHHDNVR	ENRRPVIR.GGSAAATSNPHHDNVR.YGISNIDT	R	Y	16	3	690.6044	1893.9364	1893.9371	632.3194	632.3196	1893.9365	632.3194	0.0006	0.0000003881501	35.144	11.837	1	2	0	256	271	532004.25	N-term(304.2072)		1	true	sp|Q9GZY8|MFF_HUMAN	Q9GZY8	MFF_HUMAN	MFF	Mitochondrial fission factor			false	7569.8457	17382.1055	4779.2695	1732.6022	4381.1069	0	0	1603.9531	2139.5437	1656.1909	2479.0432	2850.0525	9707.4551	2332.167	1502.269	1717.0072	4929.1611	5211.9053
Zelda_250228_P3730_PH_UK_TMT18plex_2prc.01973.01973.2	X:\05_Projects\Lorenz_Sonja\Kuliesiute_Ugne\interact-Zelda_250228_P3730_PH_UK_TMT18plex_2prc.pep.xml	SNSPGTASSGSSR	n[305]SNSPGTASSGSSR	YKPPAIKK.SNSPGTASSGSSR.LPQPSGAG	K	L	13	2	692.3002	1497.7332	1497.7339	749.8739	749.8742	1497.7344	749.8745	-0.0004	0.00000001773417	37.266	8.386	1	2	0	177	189	2059154.125	N-term(304.2072)		1	true	sp|Q96GY0|ZC21A_HUMAN	Q96GY0	ZC21A_HUMAN	ZC2HC1A	Zinc finger C2HC domain-containing protein 1A			true	61826.0078	174583.3281	46904.418	3405.9277	7204.271	1063.7715	0	1348.7324	2134.0806	1246.1105	2447.7329	5076.2764	13431.0527	2805.7148	3266.1646	1870.0924	9717.0576	9620.7119
Zelda_250228_P3730_PH_UK_TMT18plex_2prc.02022.02022.2	X:\05_Projects\Lorenz_Sonja\Kuliesiute_Ugne\interact-Zelda_250228_P3730_PH_UK_TMT18plex_2prc.pep.xml	NCECQTQGR	n[305]NCECQTQGR	CDTGYIGK.NCECQTQGR.SSQEIEGS	K	S	9	2	699.1726	1455.6501	1455.6503	728.8323	728.8324	1455.652	728.8333	-0.0017	0.0006776412	20.176	6.531	0.9999	2	0	480	488	609802	2C(57.0215), 4C(57.0215), N-term(304.2072)		1	true	sp|P05107|ITB2_HUMAN	P05107	ITB2_HUMAN	ITGB2	Integrin beta-2			true	80517.1016	56036.4258	7975.4185	2452.9031	1892.0848	0	0	0	1386.6721	1514.2046	0	1959.8793	4785.5063	0	0	1153.3722	3691.1824	2362.1023
Zelda_250228_P3730_PH_UK_TMT18plex_2prc.02068.02068.3	X:\05_Projects\Lorenz_Sonja\Kuliesiute_Ugne\interact-Zelda_250228_P3730_PH_UK_TMT18plex_2prc.pep.xml	KAQQNRR	n[305]KAQQNRR	GEPSWFHR.KAQQNRR.GFSEEQIR	R	G	7	3	705.5535	1507.918	1507.9197	503.6466	503.6472	1507.9193	503.647	0.0003	0.1534259	13.32	10.627	0.9976	2	2	154	160	3740443.75	1K(304.2072), N-term(304.2072)		0.88	true	sp|Q9UI15|TAGL3_HUMAN	Q9UI15	TAGL3_HUMAN	TAGLN3	Transgelin-3			true	31502.6133	386857.875	133633.7344	29615.9023	51329.7148	3904.3066	3594.77	4105.0747	10963.3535	11272.7764	21760.0508	37895.0703	83876.1172	19323.3984	20420.5215	10566.8867	59558.3711	53063.6445
Zelda_250228_P3730_PH_UK_TMT18plex_2prc.02069.02069.2	X:\05_Projects\Lorenz_Sonja\Kuliesiute_Ugne\interact-Zelda_250228_P3730_PH_UK_TMT18plex_2prc.pep.xml	QANTEER	n[305]QANTEER	KIFVWKGK.QANTEER.KAAIKTAS	K	K	7	2	705.6736	1150.5892	1150.5902	576.3019	576.3024	1150.5903	576.3024	-0.0001	0.0000899925	19.991	11.718	0.9992	2	0	349	355	1765813.75	N-term(304.2072)		1	false	sp|P06396|GELS_HUMAN	P06396	GELS_HUMAN	GSN	Gelsolin		contam_sp|Q3SX14|GELS_BOVIN	true	93699.3516	65599.2109	18389.9297	7624.0776	55267.8242	5020.1294	2015.0208	2362.783	3056.4836	12474.3975	10259.2686	37982.832	43637.9922	7494.1841	8839.0254	8267.0371	29423.0918	21720.3926
Zelda_250228_P3730_PH_UK_TMT18plex_2prc.02072.02072.2	X:\05_Projects\Lorenz_Sonja\Kuliesiute_Ugne\interact-Zelda_250228_P3730_PH_UK_TMT18plex_2prc.pep.xml	NGQGEPAR	n[305]NGQGEPAR	GNSSSGGK.NGQGEPAR.VRCSHIIV	K	V	8	2	706.04	1131.5953	1131.5957	566.8049	566.8051	1131.5957	566.8051	0	0.1394762	10.922	0	0.9614	2	0	47	54	496697.5938	N-term(304.2072)		0.87	true	sp|Q13526|PIN1_HUMAN	Q13526	PIN1_HUMAN	PIN1	Peptidyl-prolyl cis-trans isomerase NIMA-interacting 1			true	21459.0332	69687.8828	26949.1309	3892.0681	11792.9609	3092.1135	1938.8013	2536.0505	2310.6228	5858.0225	4032.2344	12047.6475	14586.0693	3469.1919	3648.5837	2459.5137	8991.7354	7080.9336
Zelda_250228_P3730_PH_UK_TMT18plex_2prc.02077.02077.2	X:\05_Projects\Lorenz_Sonja\Kuliesiute_Ugne\interact-Zelda_250228_P3730_PH_UK_TMT18plex_2prc.pep.xml	TSQSEETR	n[305]TSQSEETR	IDGQGRPR.TSQSEETR.VWHRRDGK	R	V	8	2	706.7851	1240.6233	1240.6228	621.3189	621.3187	1240.6221	621.3183	0.0007	0.0002304382	19.886	10.169	0.9993	2	0	634	641	8767285	N-term(304.2072)		1	false	sp|Q13554|KCC2B_HUMAN	Q13554	KCC2B_HUMAN	CAMK2B	Calcium/calmodulin-dependent protein kinase type II subunit beta	CAMK2G	sp|Q13555|KCC2G_HUMAN	true	68334.0078	186956.5156	61440.6016	11656.8398	103449.9922	2480.3235	5646.9443	3929.1299	10502.4189	34713.2539	38811.6602	119157.4141	153317.9375	39062.7188	29070.2344	34351.9258	170422.5156	114262.4922
Zelda_250228_P3730_PH_UK_TMT18plex_2prc.02078.02078.3	X:\05_Projects\Lorenz_Sonja\Kuliesiute_Ugne\interact-Zelda_250228_P3730_PH_UK_TMT18plex_2prc.pep.xml	QESEQGPCRR	n[305]QESEQGPCRR	IISAPEMR.QESEQGPCRR.HMEASIQE	R	H	10	3	706.9053	1549.7578	1549.7576	517.5932	517.5931	1549.7593	517.5937	-0.0017	0.0003012801	19.052	9.607	0.9997	2	1	185	194	4408390	8C(57.0215), N-term(304.2072)		0.9	true	sp|P24593|IBP5_HUMAN	P24593	IBP5_HUMAN	IGFBP5	Insulin-like growth factor-binding protein 5			true	56746.9414	348428.5625	75186.9297	19408.5195	10350.874	2440.0693	3384.5198	1669.3997	6879.1108	8779.6797	9826.2803	7116.7124	24518.6426	4516.8647	10533.3184	4850.4321	7448.1421	10546.5527
Zelda_250228_P3730_PH_UK_TMT18plex_2prc.02080.02080.2	X:\05_Projects\Lorenz_Sonja\Kuliesiute_Ugne\interact-Zelda_250228_P3730_PH_UK_TMT18plex_2prc.pep.xml	SGSPMAR	n[305]SGSPM[147]AR	KIGGRDSR.SGSPMAR.	R	R	7	2	707.1144	1024.5288	1024.5293	513.2717	513.2719	1024.5297	513.2721	-0.0003	0.001106097	12.545	6.74	0.9911	2	0	297	303	324155296	5M(15.9949), N-term(304.2072)		1	true	sp|P02686|MBP_HUMAN	P02686	MBP_HUMAN	MBP	Myelin basic protein			true	3586022.25	4425574.5	517815.3438	230054.6562	228336.4375	4809.0669	11976.8564	25332.0176	20300.9707	24431.9863	36724.0117	41186.2305	52032.0977	10181.0283	47637.8281	31948.0039	29744.2754	62358.9336
Zelda_250228_P3730_PH_UK_TMT18plex_2prc.02093.02093.3	X:\05_Projects\Lorenz_Sonja\Kuliesiute_Ugne\interact-Zelda_250228_P3730_PH_UK_TMT18plex_2prc.pep.xml	GQHQAHSLER	n[305]GQHQAHSLER	GQKGRGSR.GQHQAHSLER.VCHCIGKW	R	V	10	3	708.7867	1465.769	1465.7708	489.5969	489.5975	1465.771	489.5976	-0.0002	0.00000007852985	29.75	10.745	1	2	0	128	137	2901869.5	N-term(304.2072)		0.84	true	sp|P60201|MYPR_HUMAN	P60201	MYPR_HUMAN	PLP1	Myelin proteolipid protein			true	127365.4141	134721.2031	23857.9414	10159.21	19911.2637	3984.7363	2898.5977	3227.9043	2839.4871	7297.5967	5052.1494	11464.4453	14062.8418	2496.2883	3338.397	3590.4666	9888.2344	8647.6465
Zelda_250228_P3730_PH_UK_TMT18plex_2prc.02097.02097.2	X:\05_Projects\Lorenz_Sonja\Kuliesiute_Ugne\interact-Zelda_250228_P3730_PH_UK_TMT18plex_2prc.pep.xml	TGAPCRSER	n[305]TGAPCRSER	GICTGQIK.TGAPCRSER.LAKYNQII	K	L	9	2	709.4354	1336.6827	1336.6831	669.3486	669.3488	1336.6842	669.3494	-0.0011	0.0001845886	18.531	10.443	0.9997	2	1	395	403	1607113.875	5C(57.0215), N-term(304.2072)		1	false	sp|P06733|ENOA_HUMAN	P06733	ENOA_HUMAN	ENO1	Alpha-enolase	ENO2, ENO3	sp|P09104|ENOG_HUMAN, sp|P13929|ENOB_HUMAN	true	8640.4951	32774.9922	10393.9805	3084.7983	48934.832	5899.4907	3922.6448	1476.011	3833.4956	6604.1372	6993.0942	21102.6113	66503.0781	34204.4414	19340.2402	9390.1885	9161.1191	6702.4438
Zelda_250228_P3730_PH_UK_TMT18plex_2prc.02105.02105.2	X:\05_Projects\Lorenz_Sonja\Kuliesiute_Ugne\interact-Zelda_250228_P3730_PH_UK_TMT18plex_2prc.pep.xml	ENQQEEAR	n[305]ENQQEEAR	YPIEEFVK.ENQQEEAR.CIEEVEDI	K	C	8	2	710.5416	1306.644	1306.6454	654.3293	654.33	1306.6438	654.3292	0.0015	0.0004696369	21.622	10.911	0.9999	2	0	261	268	1170226.5	N-term(304.2072)		1	true	sp|P80404|GABT_HUMAN	P80404	GABT_HUMAN	ABAT	4-aminobutyrate aminotransferase, mitochondrial			true	43324.6367	71339.2969	27675.7539	3587.4387	16994.5664	2342.2761	0	0	3634.1953	7067.2998	16409.2578	25519.4102	29572.5879	3079.2727	5201.3022	4030.2278	36964.8242	18906.7305
Zelda_250228_P3730_PH_UK_TMT18plex_2prc.02123.02123.2	X:\05_Projects\Lorenz_Sonja\Kuliesiute_Ugne\interact-Zelda_250228_P3730_PH_UK_TMT18plex_2prc.pep.xml	HVDCSGR	n[305]HVDCSGR	CICTERHR.HVDCSGR.NISTIPSG	R	N	7	2	712.9802	1133.5552	1133.5562	567.7849	567.7854	1133.5573	567.7859	-0.0011	0.008780112	14.726	5.497	0.999	2	0	38	44	1743097	4C(57.0215), N-term(304.2072)		1	true	sp|P23515|OMGP_HUMAN	P23515	OMGP_HUMAN	OMG	Oligodendrocyte-myelin glycoprotein			true	30486.4395	299338.0312	55213.7109	11146.9219	8390.2988	3547.3894	2968.3696	4378.6182	2941.1106	5860.4438	4335.5898	8546.4365	13529.8135	6021.4331	3494.7979	1741.4144	7464.3335	5551.7437
Zelda_250228_P3730_PH_UK_TMT18plex_2prc.02125.02125.3	X:\05_Projects\Lorenz_Sonja\Kuliesiute_Ugne\interact-Zelda_250228_P3730_PH_UK_TMT18plex_2prc.pep.xml	NRNEQESAVHPR	n[305]NRNEQESAVHPR	QQQEVVSR.NRNEQESAVHPR.EIFKQKER	R	E	12	3	713.2206	1739.8992	1739.9	580.9737	580.9739	1739.8987	580.9735	0.0013	0.2032216	11.507	0	0.9947	2	1	247	258	277629.8125	N-term(304.2072)		1	true	sp|Q9UJU6|DBNL_HUMAN	Q9UJU6	DBNL_HUMAN	DBNL	Drebrin-like protein			true	15674.1533	29676.8281	8734.3027	3429.8813	7740.8115	0	2068.7217	2012.5835	3490.2095	4631.0181	3727.2905	8778.5889	11696.0479	5229.2886	3026.0952	2994.79	5577.0864	4802.7397
Zelda_250228_P3730_PH_UK_TMT18plex_2prc.02128.02128.2	X:\05_Projects\Lorenz_Sonja\Kuliesiute_Ugne\interact-Zelda_250228_P3730_PH_UK_TMT18plex_2prc.pep.xml	SNEATTGR	n[305]SNEATTGR	PPTITESK.SNEATTGR.QASIKCEA	K	Q	8	2	713.5499	1138.5892	1138.5897	570.3019	570.3021	1138.5903	570.3024	-0.0006	0.00001217667	20.967	8.556	1	2	0	226	233	36261900	N-term(304.2072)		0.96	true	sp|Q13449|LSAMP_HUMAN	Q13449	LSAMP_HUMAN	LSAMP	Limbic system-associated membrane protein			true	430966.25	1250731.625	50031.9062	35759.7656	19418.2812	2648.2686	2221.7051	2329.6653	4431.1831	9944.874	8793.709	9054.2861	52007.6875	4247.1348	7710.7095	2201.3557	15258.252	10481.3623
Zelda_250228_P3730_PH_UK_TMT18plex_2prc.02135.02135.2	X:\05_Projects\Lorenz_Sonja\Kuliesiute_Ugne\interact-Zelda_250228_P3730_PH_UK_TMT18plex_2prc.pep.xml	ANSAGATR	n[305]ANSAGATR	STRIFQVR.ANSAGATR.AVEVIPKA	R	A	8	2	714.7004	1050.5736	1050.574	526.2941	526.2943	1050.5742	526.2944	-0.0002	0.000001141245	24.681	14.766	0.9999	2	0	570	577	2939196.25	N-term(304.2072)		0.88	true	sp|P06396|GELS_HUMAN	P06396	GELS_HUMAN	GSN	Gelsolin			true	123972.8672	96068.6172	28077.8184	14497.6514	112084.5078	7888.2573	7466.7578	5778.4023	10924.7793	18322.4004	20753.2383	69667.0156	91165.3906	27443.5996	16394.5781	17033.3418	50032.3203	41432.0977
Zelda_250228_P3730_PH_UK_TMT18plex_2prc.02152.02152.2	X:\05_Projects\Lorenz_Sonja\Kuliesiute_Ugne\interact-Zelda_250228_P3730_PH_UK_TMT18plex_2prc.pep.xml	SSNPPAR	n[305]SSNPPAR	KENAWVKR.SSNPPAR.SQSSDTEQ	R	S	7	2	716.9149	1031.5673	1031.5691	516.7909	516.7918	1031.5685	516.7915	0.0006	0.0002138626	16.162	16.162	0.9177	2	0	488	494	2342194.25	N-term(304.2072)		0.92	true	sp|P23588|IF4B_HUMAN	P23588	IF4B_HUMAN	EIF4B	Eukaryotic translation initiation factor 4B			true	85532.1328	310805	76071.0312	9097.1953	6381.1479	3811.5352	2146.7092	1985.3427	2161.3245	6766.2246	4173.1616	9815.71	14139.1162	2134.9646	2968.1494	3018.6575	5999.7373	4629.9341
Zelda_250228_P3730_PH_UK_TMT18plex_2prc.02157.02157.2	X:\05_Projects\Lorenz_Sonja\Kuliesiute_Ugne\interact-Zelda_250228_P3730_PH_UK_TMT18plex_2prc.pep.xml	ASGADER	n[305]ASGADER	AGGIAAGK.ASGADER.DTRRKAGP	K	D	7	2	717.4844	1008.5156	1008.5156	505.2651	505.2651	1008.5161	505.2653	-0.0005	0.0000000090764	22.247	15.179	0.9998	2	0	230	236	21216722	N-term(304.2072)		1	true	sp|Q96JE9|MAP6_HUMAN	Q96JE9	MAP6_HUMAN	MAP6	Microtubule-associated protein 6			true	526432.75	1487263.625	261741.5469	48399.7617	26728.6602	4942.251	3086.1421	0	5103.3345	16552.1094	17559.9141	24470.0879	51128.5781	11770.5938	14987.3271	8546.8906	52279.9453	53533.1055
Zelda_250228_P3730_PH_UK_TMT18plex_2prc.02164.02164.3	X:\05_Projects\Lorenz_Sonja\Kuliesiute_Ugne\interact-Zelda_250228_P3730_PH_UK_TMT18plex_2prc.pep.xml	APARGDSEDR	n[305]APARGDSEDR	PEPKHPAR.APARGDSEDR.RGPGQKTG	R	R	10	3	718.5139	1376.7	1376.7002	459.9073	459.9073	1376.6968	459.9062	0.0034	1.446729	11.106	9.81	0.8489	2	1	200	209	662514.3125	N-term(304.2072)		0.78	true	sp|Q9Y2J0|RP3A_HUMAN	Q9Y2J0	RP3A_HUMAN	RPH3A	Rabphilin-3A			false	38803.4258	180637.9219	43775.9297	11518.6914	21028.1719	4554.8672	5337.0767	5966.4385	4485.3989	11478.751	11899.6709	28844.4277	37173.6914	8664.6416	9710.9277	6373.1001	26440.7441	15402.0801
Zelda_250228_P3730_PH_UK_TMT18plex_2prc.02179.02179.2	X:\05_Projects\Lorenz_Sonja\Kuliesiute_Ugne\interact-Zelda_250228_P3730_PH_UK_TMT18plex_2prc.pep.xml	QEAEGTR	n[305]QEAEGTR	EYVQNFKR.QEAEGTR.LQREIRGY	R	L	7	2	720.4417	1093.5687	1093.5685	547.7916	547.7915	1093.5688	547.7917	-0.0003	0.00003548873	19.368	9.351	0.9997	2	0	49	55	8022403	N-term(304.2072)		1	true	sp|P49418|AMPH_HUMAN	P49418	AMPH_HUMAN	AMPH	Amphiphysin			true	180655.0625	437637.6875	144701.4688	24822.9082	114073.2109	0	3728.7268	3596.2239	12589.6582	37164.4414	34747.5586	114577.7109	180395.4844	34726.25	27214.7031	27137.2402	134544.6406	108758.2734
Zelda_250228_P3730_PH_UK_TMT18plex_2prc.02182.02182.2	X:\05_Projects\Lorenz_Sonja\Kuliesiute_Ugne\interact-Zelda_250228_P3730_PH_UK_TMT18plex_2prc.pep.xml	ECENQDAR	n[305]ECENQDAR	FTFEEAAK.ECENQDAR.LATVGEIQ	K	L	8	2	720.8023	1324.599	1324.5995	663.3068	663.307	1324.6002	663.3074	-0.0007	0.00008639728	23.754	10.264	1	2	0	269	276	3340308	2C(57.0215), N-term(304.2072)		0.7	true	sp|P13611|CSPG2_HUMAN	P13611	CSPG2_HUMAN	VCAN	Versican core protein			true	135452.2969	386829.5	97984.625	12956.4131	20564.5312	1345.7339	1636.8324	2562.01	4959.7222	6850.4399	12795.1016	13216.7129	46814.3672	19293.6895	6745.5107	17052.6992	23689.6484	20128.918
Zelda_250228_P3730_PH_UK_TMT18plex_2prc.02192.02192.2	X:\05_Projects\Lorenz_Sonja\Kuliesiute_Ugne\interact-Zelda_250228_P3730_PH_UK_TMT18plex_2prc.pep.xml	AHQVTTR	n[305]AHQVTTR	IIKTSMIK.AHQVTTR.NISIAVSD	K	N	7	2	722.1611	1115.6371	1115.638	558.8258	558.8263	1115.6372	558.8259	0.0007	0.0001030213	15.319	9.132	0.989	2	0	536	542	893243.5625	N-term(304.2072)		1	true	sp|O60313|OPA1_HUMAN	O60313	OPA1_HUMAN	OPA1	Dynamin-like 120 kDa protein, mitochondrial			true	22449.6914	82292.3359	17904.9277	7171.0854	22294.9531	2091.6458	3093.1255	2591.8518	3274.1335	12781.6914	13526.1016	34801.6289	44836.1992	9103.041	6302.147	6455.2085	28608.9004	18707.8125
Zelda_250228_P3730_PH_UK_TMT18plex_2prc.02206.02206.3	X:\05_Projects\Lorenz_Sonja\Kuliesiute_Ugne\interact-Zelda_250228_P3730_PH_UK_TMT18plex_2prc.pep.xml	HKEEEQR	n[305]HKEEEQR	WRHQAQQR.HKEEEQR.AAWNAIRD	R	A	7	3	724.0021	1562.8657	1562.8663	521.9625	521.9627	1562.8662	521.9627	0.0001	0.0146132	13.669	10.269	0.9764	2	1	110	116	2195950.75	2K(304.2072), N-term(304.2072)		1	true	sp|Q9H6K4|OPA3_HUMAN	Q9H6K4	OPA3_HUMAN	OPA3	Optic atrophy 3 protein			true	48865.1875	287112.5938	86579.7422	23687.1504	24345.1797	3757.9453	3810.9067	2892.5151	4765.0229	13661.5254	10105.8564	25432.1973	42101.8594	10406.4766	11065.8936	8300.3994	41939.7656	34324.5859
Zelda_250228_P3730_PH_UK_TMT18plex_2prc.02213.02213.2	X:\05_Projects\Lorenz_Sonja\Kuliesiute_Ugne\interact-Zelda_250228_P3730_PH_UK_TMT18plex_2prc.pep.xml	RVTNDAR	n[305]RVTNDAR	AISGGFIR.RVTNDAR.ENEMDENI	R	E	7	2	724.9607	1134.6414	1134.6426	568.328	568.3286	1134.6431	568.3288	-0.0004	0.003153809	17.742	14.326	0.9948	2	1	136	142	24576648	N-term(304.2072)		1	true	sp|P60880|SNP25_HUMAN	P60880	SNP25_HUMAN	SNAP25	Synaptosomal-associated protein 25			true	427343.2188	485037.25	170771.7188	20087.1719	13177.8232	1830.9169	2030.9935	2908.2712	4678.2739	5339.3188	7588.4966	14184.7627	24986.0586	4914.8237	6861.9111	6980.1357	26452.6113	24387.127
Zelda_250228_P3730_PH_UK_TMT18plex_2prc.02217.02217.2	X:\05_Projects\Lorenz_Sonja\Kuliesiute_Ugne\interact-Zelda_250228_P3730_PH_UK_TMT18plex_2prc.pep.xml	DTEGCDR	n[305]DTEGCDR	YGGSFCEK.DTEGCDR.GWHKFQGH	K	G	7	2	725.4742	1155.5133	1155.5139	578.7639	578.7642	1155.5151	578.7648	-0.0012	0.04320161	12.958	11.526	0.9639	2	0	1084	1090	1757535.875	5C(57.0215), N-term(304.2072)		1	true	sp|O14594|NCAN_HUMAN	O14594	NCAN_HUMAN	NCAN	Neurocan core protein			true	23742.2246	157185.0469	26461.0215	31849.8203	6544.5513	0	1925.7214	1566.1677	2077.3152	4339.9629	3904.0991	11575.2959	8853.8047	2394.5391	3547.438	0	4983.4072	4632.3374
Zelda_250228_P3730_PH_UK_TMT18plex_2prc.02230.02230.2	X:\05_Projects\Lorenz_Sonja\Kuliesiute_Ugne\interact-Zelda_250228_P3730_PH_UK_TMT18plex_2prc.pep.xml	QEQEEEGR	n[305]QEQEEEGR	VPPVVYSR.QEQEEEGR.KRYEAQKI	R	K	8	2	727.1978	1307.6277	1307.6295	654.8211	654.822	1307.6278	654.8212	0.0017	0.0004164887	23.941	8.191	1	2	0	184	191	2878566.75	N-term(304.2072)		1	true	sp|O00154|BACH_HUMAN	O00154	BACH_HUMAN	ACOT7	Cytosolic acyl coenzyme A thioester hydrolase			true	50760.2461	94414.4922	54900.6836	8508.9844	72362.5781	2138.8127	8698.584	13339.8145	16272.418	69715.1797	29848.3574	114006.5156	53821.5078	17109.7383	14024.9609	14780.5254	80347.4219	58986.2305
Zelda_250228_P3730_PH_UK_TMT18plex_2prc.02243.02243.2	X:\05_Projects\Lorenz_Sonja\Kuliesiute_Ugne\interact-Zelda_250228_P3730_PH_UK_TMT18plex_2prc.pep.xml	GQPSEGESR	n[305]GQPSEGESR	MHVIDHTK.GQPSEGESR.NVITESAR	K	N	9	2	728.8841	1249.6217	1249.6196	625.8181	625.8171	1249.6223	625.8184	-0.0026	0.01450081	19.465	9.694	0.9985	2	0	95	103	4876819.5	N-term(304.2072)		0.94	false	sp|A0A0B4J2D5|GAL3B_HUMAN	A0A0B4J2D5	GAL3B_HUMAN	GATD3B	Putative glutamine amidotransferase-like class 1 domain-containing protein 3B, mitochondrial	GATD3	sp|P0DPI2|GAL3A_HUMAN	true	48667.8086	107025.7578	54343.3359	18720.0527	55222.3711	7839.4458	7172.1465	5485.2148	11707.2861	19411.2969	17374.6191	49580.7969	104991.0156	34309.0938	14397.8975	16585.5898	53926.9648	38951.8281
Zelda_250228_P3730_PH_UK_TMT18plex_2prc.02247.02247.2	X:\05_Projects\Lorenz_Sonja\Kuliesiute_Ugne\interact-Zelda_250228_P3730_PH_UK_TMT18plex_2prc.pep.xml	GTAPSDNR	n[305]GTAPSDNR	ATPSSVSR.GTAPSDNR.VTSFRDII	R	V	8	2	729.402	1120.5786	1120.5652	561.2966	561.2899	1120.5797	561.2971	-0.0145	0.00004919121	20.303	9.966	0.989	2	0	64	71	9513354	N-term(304.2072)		1	true	sp|Q9UNZ2|NSF1C_HUMAN	Q9UNZ2	NSF1C_HUMAN	NSFL1C	NSFL1 cofactor p47			true	41889.8711	213328.1562	77868.5625	11368.4619	23032.7324	2726.5239	2993.8879	2516.1833	5882.9224	12058.0488	7004.7432	30506.0684	30045.2422	5759.5396	6060.874	2801.9919	19524.3242	25875.1309
Zelda_250228_P3730_PH_UK_TMT18plex_2prc.02263.02263.2	X:\05_Projects\Lorenz_Sonja\Kuliesiute_Ugne\interact-Zelda_250228_P3730_PH_UK_TMT18plex_2prc.pep.xml	EDDSSASTSQSTR	n[305]EDDSSASTSQSTR	IKPRSTPK.EDDSSASTSQSTR.AASIFGGA	K	A	13	2	731.4763	1673.7648	1673.766	837.8897	837.8903	1673.7666	837.8906	-0.0006	0.00004069115	25.062	6.947	1	2	0	344	356	0	N-term(304.2072)		1	true	sp|P23588|IF4B_HUMAN	P23588	IF4B_HUMAN	EIF4B	Eukaryotic translation initiation factor 4B			true	50206.7266	93084.6484	40354.4844	3315.8142	1996.6471	0	0	0	0	1231.6511	0	2176.5054	4275.6392	0	0	1124.9147	0	0
Zelda_250228_P3730_PH_UK_TMT18plex_2prc.02273.02273.2	X:\05_Projects\Lorenz_Sonja\Kuliesiute_Ugne\interact-Zelda_250228_P3730_PH_UK_TMT18plex_2prc.pep.xml	TGSESSQTGTSTTSSR	n[305]TGSESSQTGTSTTSSR	TQERERSR.TGSESSQTGTSTTSSR.NARRRESE	R	N	16	2	732.8207	1876.8923	1876.8933	939.4534	939.4539	1876.8936	939.4541	-0.0002	0	41.831	6.199	1	2	0	420	435	2216014	N-term(304.2072)		1	true	sp|P23588|IF4B_HUMAN	P23588	IF4B_HUMAN	EIF4B	Eukaryotic translation initiation factor 4B			true	95229.4453	256429.0312	79250.5469	29673.7637	6921.748	0	0	0	0	1669.788	0	1693.0037	6557.4463	0	0	0	2154.2598	0
Zelda_250228_P3730_PH_UK_TMT18plex_2prc.02274.02274.2	X:\05_Projects\Lorenz_Sonja\Kuliesiute_Ugne\interact-Zelda_250228_P3730_PH_UK_TMT18plex_2prc.pep.xml	TSADGNEK	TSADGNEK	VISSIEQK.TSADGNEK.KIEMVRAY	K	K	8	2	732.9411	1124.5634	1124.5632	563.289	563.2889	1124.5635	563.289	-0.0002	0.1136419	15.163	9.919	0.9291	2	0	70	77	1449492.375	8K(304.2072)		1	true	sp|P61981|1433G_HUMAN	P61981	1433G_HUMAN	YWHAG	14-3-3 protein gamma			true	25686.3008	45873.2344	16565.6504	6431.8701	9308.7314	4993.7378	1647.507	1658.9813	2327.2158	6222.8291	5070.2539	22894.0195	11261.5527	4987.689	2589.3916	1736.0291	7400.4512	6077.4468
Zelda_250228_P3730_PH_UK_TMT18plex_2prc.02307.02307.2	X:\05_Projects\Lorenz_Sonja\Kuliesiute_Ugne\interact-Zelda_250228_P3730_PH_UK_TMT18plex_2prc.pep.xml	GTGPDGR	n[305]GTGPDGR	GIDITQVK.GTGPDGR.ITKKDIDS	K	I	7	2	737.1284	962.5103	962.5123	482.2624	482.2634	962.5106	482.2626	0.0017	0.03552136	16.643	10.546	0.9236	2	0	377	383	3142987.25	N-term(304.2072)		0.89	true	sp|P10515|ODP2_HUMAN	P10515	ODP2_HUMAN	DLAT	Dihydrolipoyllysine-residue acetyltransferase component of pyruvate dehydrogenase complex, mitochondrial			true	89464.2109	304546.4062	63728.2461	40526.4258	51757.5469	6395.0684	3692.9734	4530.2734	7300.8813	29631.5039	27667.1816	65560.5547	119424.4766	23166.252	18956.8262	15459.5596	73795.7578	41601.1758
Zelda_250228_P3730_PH_UK_TMT18plex_2prc.02320.02320.2	X:\05_Projects\Lorenz_Sonja\Kuliesiute_Ugne\interact-Zelda_250228_P3730_PH_UK_TMT18plex_2prc.pep.xml	ESTTSEQSAR	n[305]ESTTSEQSAR	NIIYYSIK.ESTTSEQSAR.MTAMDNAS	K	M	10	2	738.8141	1398.6913	1398.6917	700.3529	700.3531	1398.6912	700.3529	0.0004	0.00000000126337	31.718	8.982	1	2	0	244	253	8198455	N-term(304.2072)		1	true	sp|P36542|ATPG_HUMAN	P36542	ATPG_HUMAN	ATP5F1C	ATP synthase subunit gamma, mitochondrial			true	128936.3516	290636.8125	180466.6719	16078.2422	111921.4922	14835.7334	3546.6343	8058.6807	20430.9043	16842.2715	50222.2617	159764.2344	172812.2656	32350.1289	19781.6914	35842.793	195988.7188	148322.6562
Zelda_250228_P3730_PH_UK_TMT18plex_2prc.02321.02321.2	X:\05_Projects\Lorenz_Sonja\Kuliesiute_Ugne\interact-Zelda_250228_P3730_PH_UK_TMT18plex_2prc.pep.xml	GPQDSGDR	n[305]GPQDSGDR	GPRKIAER.GPQDSGDR.AASPAGPR	R	A	8	2	738.9726	1134.5587	1134.5554	568.2866	568.285	1134.559	568.2868	-0.0035	0.005974268	14.043	9.89	0.9243	2	0	636	643	1968319.375	N-term(304.2072)		0.67	true	sp|Q6NV74|CRCDL_HUMAN	Q6NV74	CRCDL_HUMAN	CRACDL	CRACD-like protein			true	82687.0312	216896.4531	40361.6016	16116.6025	14170.3975	6676.332	2071.8979	2696.2295	3840.1711	9548.041	7816.8848	27729.8906	17466.668	6468.2046	5993.313	2254.9053	15442.7393	11892.9424
Zelda_250228_P3730_PH_UK_TMT18plex_2prc.02323.02323.2	X:\05_Projects\Lorenz_Sonja\Kuliesiute_Ugne\interact-Zelda_250228_P3730_PH_UK_TMT18plex_2prc.pep.xml	TAQSEETR	n[305]TAQSEETR	IDAGGIPR.TAQSEETR.VWHRRDGK	R	V	8	2	739.2133	1224.6277	1224.6279	613.3211	613.3212	1224.6271	613.3208	0.0008	0.0003000318	23.982	10.464	1	2	0	446	453	29146732	N-term(304.2072)		1	true	sp|Q9UQM7|KCC2A_HUMAN	Q9UQM7	KCC2A_HUMAN	CAMK2A	Calcium/calmodulin-dependent protein kinase type II subunit alpha			true	148951.5156	459324.5625	165834.2812	34436.8008	250723.7188	3213.0046	9773.2305	13011.8789	35452.0781	66206.7031	94125.125	328200.6875	332097.1562	59689.2031	50773.1797	72273.875	507334.4062	338809.0625
Zelda_250228_P3730_PH_UK_TMT18plex_2prc.02344.02344.2	X:\05_Projects\Lorenz_Sonja\Kuliesiute_Ugne\interact-Zelda_250228_P3730_PH_UK_TMT18plex_2prc.pep.xml	QVQGMQSSQQR	n[305]QVQGM[147]QSSQQR	EVEQATRR.QVQGMQSSQQR.NRERVIAQ	R	N	11	2	741.8515	1595.7998	1595.8003	798.9072	798.9074	1595.801	798.9078	-0.0007	2.664E-11	27.036	9.863	1	2	0	80	90	4533641	5M(15.9949), N-term(304.2072)		1	true	sp|O95670|VATG2_HUMAN	O95670	VATG2_HUMAN	ATP6V1G2	V-type proton ATPase subunit G 2			true	16747.2363	436000.375	137324.2031	9927.9912	10481.1543	965.9331	4328.5469	0	4019.2031	2122.9954	11087.1533	6681.5347	38753.8125	8486.8643	17436.6504	6377.2437	21232.5801	21633.2656
Zelda_250228_P3730_PH_UK_TMT18plex_2prc.02354.02354.2	X:\05_Projects\Lorenz_Sonja\Kuliesiute_Ugne\interact-Zelda_250228_P3730_PH_UK_TMT18plex_2prc.pep.xml	RIDDGHR	n[305]RIDDGHR	GNYKRTVK.RIDDGHR.LCNDIMNC	K	L	7	2	743.2031	1171.6375	1171.6385	586.826	586.8265	1171.6382	586.8264	0.0003	0.004769968	15.247	11.307	0.898	2	1	31	37	0	N-term(304.2072)		0.61	false	sp|Q9BY11|PACN1_HUMAN	Q9BY11	PACN1_HUMAN	PACSIN1	Protein kinase C and casein kinase substrate in neurons protein 1	PACSIN2	sp|Q9UNF0|PACN2_HUMAN	false	41299.2031	84747.6406	27803.877	7802.0957	8549.0508	1426.2762	1902.9205	0	1453.2019	5408.0635	6107.1348	10837.3418	16181.3926	4823.5537	3670.4995	2829.2048	11837.375	7930.0576
Zelda_250228_P3730_PH_UK_TMT18plex_2prc.02373.02373.2	X:\05_Projects\Lorenz_Sonja\Kuliesiute_Ugne\interact-Zelda_250228_P3730_PH_UK_TMT18plex_2prc.pep.xml	YQHDDGR	n[305]YQHDDGR	RFIVYSYK.YQHDDGR.VSYPICFI	K	V	7	2	745.6199	1193.5758	1193.579	597.7952	597.7968	1193.575	597.7948	0.004	0.01533734	15.757	7.605	0.94	2	0	75	81	28723060	N-term(304.2072)		1	true	sp|P60983|GMFB_HUMAN	P60983	GMFB_HUMAN	GMFB	Glia maturation factor beta			true	34448.2148	168643.25	38974.9648	8128.5674	7973.2798	3357.1196	1066.5858	2636.0996	3401.313	7107.0928	5019.2485	16119.6602	10066.0801	3146.8977	3031.4092	4396.9629	18714.584	23288.9883
Zelda_250228_P3730_PH_UK_TMT18plex_2prc.02374.02374.2	X:\05_Projects\Lorenz_Sonja\Kuliesiute_Ugne\interact-Zelda_250228_P3730_PH_UK_TMT18plex_2prc.pep.xml	CDMEDER	n[305]CDM[147]EDER	QVIIVGNK.CDMEDER.VVSSERGR	K	V	7	2	745.7402	1273.5238	1273.5253	637.7692	637.7699	1273.5239	637.7692	0.0013	0.08491803	12.784	0	0.9986	2	0	137	143	0	1C(57.0215), 3M(15.9949), N-term(304.2072)		1	false	sp|P20336|RAB3A_HUMAN	P20336	RAB3A_HUMAN	RAB3A	Ras-related protein Rab-3A	RAB3C	sp|Q96E17|RAB3C_HUMAN	true	19642.5957	32956.7461	21970.9648	4345.7339	9265.7334	1549.5022	1868.6296	1614.9059	3346.5579	6158.2837	5636.0786	12642.9395	11698.333	2166.0212	3056.5161	2690.3904	14465.3076	9154.5176
Zelda_250228_P3730_PH_UK_TMT18plex_2prc.02386.02386.3	X:\05_Projects\Lorenz_Sonja\Kuliesiute_Ugne\interact-Zelda_250228_P3730_PH_UK_TMT18plex_2prc.pep.xml	RAEATAASTSR	n[305]RAEATAASTSR	YIRQEVIR.RAEATAASTSR.SIAIMYES	R	S	11	3	747.3326	1423.7698	1423.7722	475.5972	475.598	1423.7703	475.5974	0.0019	0.0001686633	19.527	8.52	1	2	1	52	62	2248782.25	N-term(304.2072)		0.53	true	sp|O95721|SNP29_HUMAN	O95721	SNP29_HUMAN	SNAP29	Synaptosomal-associated protein 29			true	56008.6367	116118.6953	44482.6641	42444.4258	16913.7773	15072.1299	5924.8271	5237.623	4543.9565	13350.5166	36279.4414	49626.4688	44355.5352	18049.6738	19030.6152	6582.3091	13469.5605	13747.1367
Zelda_250228_P3730_PH_UK_TMT18plex_2prc.02398.02398.2	X:\05_Projects\Lorenz_Sonja\Kuliesiute_Ugne\interact-Zelda_250228_P3730_PH_UK_TMT18plex_2prc.pep.xml	AADESER	n[305]AADESER	QKIEEAEK.AADESER.GMKVIENR	K	G	7	2	748.7498	1080.536	1080.5363	541.2753	541.2754	1080.5371	541.2758	-0.0008	0.00001168279	21.513	11.182	0.9997	2	0	83	89	99790160	N-term(304.2072)		0.99	false	sp|P67936|TPM4_HUMAN	P67936	TPM4_HUMAN	TPM4	Tropomyosin alpha-4 chain	TPM1, TPM2, TPM3	sp|P06753|TPM3_HUMAN, sp|P07951|TPM2_HUMAN, sp|P09493|TPM1_HUMAN	true	3143076.75	5734465	0	145607.9375	51568.7109	13175.9893	17873.5684	9965.252	20328.2598	35092.5977	76084.5938	45478.4219	133944.0156	14928.5928	32202.625	22521.1641	125295.1797	166569.7344
Zelda_250228_P3730_PH_UK_TMT18plex_2prc.02399.02399.2	X:\05_Projects\Lorenz_Sonja\Kuliesiute_Ugne\interact-Zelda_250228_P3730_PH_UK_TMT18plex_2prc.pep.xml	EATADQGSR	n[305]EATADQGSR	VSKPEVSK.EATADQGSR.LESAAPPE	K	L	9	2	749.0187	1237.6213	1237.6216	619.8179	619.8181	1237.6223	619.8184	-0.0007	0.00000352796	29.953	11.477	1	2	0	117	125	48953324	N-term(304.2072)		1	true	sp|Q7Z6L0|PRRT2_HUMAN	Q7Z6L0	PRRT2_HUMAN	PRRT2	Proline-rich transmembrane protein 2			true	1190174	2801227	0	66208.9297	33995.2891	1347.9125	11148.7051	3995.8801	12889.3516	17324.5625	34947.4961	28821.6797	73617.2266	7491.3804	41646.9727	16521.1348	184526.3906	148288.4062
Zelda_250228_P3730_PH_UK_TMT18plex_2prc.02401.02401.3	X:\05_Projects\Lorenz_Sonja\Kuliesiute_Ugne\interact-Zelda_250228_P3730_PH_UK_TMT18plex_2prc.pep.xml	AGHGAGK	n[305]AGHGAGK	IIIHVDTK.AGHGAGK.PTAKVIEE	K	P	7	3	749.236	1204.7164	1204.7153	402.5794	402.579	1204.7174	402.5797	-0.002	0.04613236	13.948	9.37	0.9862	2	0	678	684	8679592	7K(304.2072), N-term(304.2072)		0.57	true	sp|P48147|PPCE_HUMAN	P48147	PPCE_HUMAN	PREP	Prolyl endopeptidase			true	161999.5469	672286.0625	193809.7344	76750.2812	184932.3125	16369.9951	31672.0879	33087.2656	45263.4883	106932.1016	106020.9297	218565.7969	395929.0312	104964.2109	79077.5859	96987.3516	319609.4062	211908.0469
Zelda_250228_P3730_PH_UK_TMT18plex_2prc.02405.02405.3	X:\05_Projects\Lorenz_Sonja\Kuliesiute_Ugne\interact-Zelda_250228_P3730_PH_UK_TMT18plex_2prc.pep.xml	EAGPAHPGR	n[305]EAGPAHPGR	IGRERGGR.EAGPAHPGR.EKEAGYSA	R	E	9	3	749.6785	1194.6432	1194.644	399.2217	399.2219	1194.6431	399.2216	0.0009	0.001636778	17.325	10.338	0.9999	2	0	174	182	969264.9375	N-term(304.2072)		0.95	true	sp|Q5JU85|IQEC2_HUMAN	Q5JU85	IQEC2_HUMAN	IQSEC2	IQ motif and SEC7 domain-containing protein 2			true	45663.6172	186254.8906	56277.8125	26881.6562	20348.6465	7435.5332	9456.6221	8450.1172	7809.0464	15675.9541	14948.3643	36625.8984	27243.8262	11343.3994	7476.2139	7000.1865	15567.8115	14201.04
Zelda_250228_P3730_PH_UK_TMT18plex_2prc.02416.02416.3	X:\05_Projects\Lorenz_Sonja\Kuliesiute_Ugne\interact-Zelda_250228_P3730_PH_UK_TMT18plex_2prc.pep.xml	EAVAHENNR	n[305]EAVAHENNR	QAKDACIR.EAVAHENNR.AIFHAAKA	R	A	9	3	751.1081	1342.6904	1342.6914	448.5707	448.5711	1342.6914	448.5711	0	0.000006622829	26.471	11.889	1	2	0	61	69	4616174	N-term(304.2072)		0.92	true	sp|Q99747|SNAG_HUMAN	Q99747	SNAG_HUMAN	NAPG	Gamma-soluble NSF attachment protein			true	243785.3125	632920.25	128936.3828	66541	66344.2188	9035.4873	11225.8916	9005.4775	15673.8633	32606.916	31687.375	72858.3203	97603.0078	33865.8867	24187.6035	17405.3809	61621.5664	52154.1992
Zelda_250228_P3730_PH_UK_TMT18plex_2prc.02417.02417.2	X:\05_Projects\Lorenz_Sonja\Kuliesiute_Ugne\interact-Zelda_250228_P3730_PH_UK_TMT18plex_2prc.pep.xml	CDESPSR	n[305]CDESPSR	PIMIVGNK.CDESPSR.EVQSSEAE	K	E	7	2	751.2283	1153.5352	1153.5398	577.7749	577.7772	1153.5359	577.7752	0.0039	0.1597718	11.686	0	0.9321	2	0	123	129	0	1C(57.0215), N-term(304.2072)		1	true	sp|Q96HU8|DIRA2_HUMAN	Q96HU8	DIRA2_HUMAN	DIRAS2	GTP-binding protein Di-Ras2			true	31689.5801	64787.7539	21928.498	4933.2002	17463.4316	7890.9272	3190.0032	3203.0908	5584.5947	14293.8467	6444.6665	33586.8789	20198.748	6193.0161	5138.4341	3792.3093	20565.002	12952.3105
Zelda_250228_P3730_PH_UK_TMT18plex_2prc.02421.02421.2	X:\05_Projects\Lorenz_Sonja\Kuliesiute_Ugne\interact-Zelda_250228_P3730_PH_UK_TMT18plex_2prc.pep.xml	ASTDNSPSSK	ASTDNSPSSK	AETESATK.ASTDNSPSSK.AEDAPAKE	K	A	10	2	751.7093	1296.6478	1296.6482	649.3312	649.3314	1296.6482	649.3314	0	0.01256087	18.134	6.766	0.9992	2	0	146	155	721565.25	10K(304.2072)		1	true	sp|P17677|NEUM_HUMAN	P17677	NEUM_HUMAN	GAP43	Neuromodulin			true	25734.0488	70862.625	16961.5195	4530.3105	3612.9395	0	0	0	0	2490.6357	3051.9426	5905.7085	3857.332	1323.2433	2014.0647	0	7619.292	2439.21
Zelda_250228_P3730_PH_UK_TMT18plex_2prc.02425.02425.2	X:\05_Projects\Lorenz_Sonja\Kuliesiute_Ugne\interact-Zelda_250228_P3730_PH_UK_TMT18plex_2prc.pep.xml	AVQNSSR	n[305]AVQNSSR	KKSKSDAK.AVQNSSR.HDGKEVDE	K	H	7	2	752.3077	1064.589	1064.5907	533.3018	533.3026	1064.5898	533.3022	0.0008	0.0002489568	17.678	10.241	0.9984	2	0	175	181	4506167	N-term(304.2072)		1	true	sp|Q86UE4|LYRIC_HUMAN	Q86UE4	LYRIC_HUMAN	MTDH	Protein LYRIC			true	294548.2812	355835.375	64162.668	13477.1885	11234.458	6139.1743	2450.4365	2490.6504	3258.26	6759.3755	6956.5225	12893.4521	25373.3633	4467.2373	7288.0938	5040.5562	12626.1055	14566.7295
Zelda_250228_P3730_PH_UK_TMT18plex_2prc.02429.02429.3	X:\05_Projects\Lorenz_Sonja\Kuliesiute_Ugne\interact-Zelda_250228_P3730_PH_UK_TMT18plex_2prc.pep.xml	SSGQHQNDK	n[305]SSGQHQNDK	DAGSAPIK.SSGQHQNDK.GKNVRQRN	K	G	9	3	752.8162	1607.8501	1607.8523	536.9573	536.958	1607.8513	536.9577	0.0009	0.0003138669	17.764	9.22	0.9996	2	0	367	375	2599256.5	9K(304.2072), N-term(304.2072)		0.94	true	sp|P35613|BASI_HUMAN	P35613	BASI_HUMAN	BSG	Basigin			true	109388.5391	68200.1875	34000.8477	8446.709	8021.7598	3681.7612	2761.8391	2350.5588	2255.011	7072.3711	5111.2974	14144.7695	8276.9307	2326.8799	2278.4871	1415.4132	8587.7373	7180.3667
Zelda_250228_P3730_PH_UK_TMT18plex_2prc.02450.02450.3	X:\05_Projects\Lorenz_Sonja\Kuliesiute_Ugne\interact-Zelda_250228_P3730_PH_UK_TMT18plex_2prc.pep.xml	ASAPAPGHH	n[305]ASAPAPGHH	DKRSKAIK.ASAPAPGHH.	K	-	9	3	755.6291	1147.6051	1147.606	383.5423	383.5426	1147.606	383.5426	0	0.0002893845	21.884	7.043	1	2	0	50	58	47466072	N-term(304.2072)		0.95	true	sp|P56378|ATP68_HUMAN	P56378	ATP68_HUMAN	ATP5MJ	ATP synthase subunit ATP5MJ, mitochondrial			true	99689.5	615462	306020.9688	64931.8125	72200.5781	8787.9883	18052.959	15845.7051	33291.7617	48457.6602	43112.7656	43260.5195	165320.7812	61157.0859	80537.7422	62167.8672	131980.3125	125763.7891
Zelda_250228_P3730_PH_UK_TMT18plex_2prc.02474.02474.3	X:\05_Projects\Lorenz_Sonja\Kuliesiute_Ugne\interact-Zelda_250228_P3730_PH_UK_TMT18plex_2prc.pep.xml	HNGTGGK	n[305]HNGTGGK	CQGGDFTR.HNGTGGK.SIYGEKFE	R	S	7	3	758.8101	1277.7341	1277.7336	426.9186	426.9185	1277.7338	426.9185	-0.0001	0.0005381727	19.73	11.359	0.9978	2	0	70	76	27642312	7K(304.2072), N-term(304.2072)		0.86	true	sp|P62937|PPIA_HUMAN	P62937	PPIA_HUMAN	PPIA	Peptidyl-prolyl cis-trans isomerase A			true	177360.7969	199473.6094	100864.7578	28768.6895	160297.1875	157346.6875	25971.4922	26839.5586	82877.3047	51362.9922	45226.625	360060.125	176169.8281	106417.0078	82151.2734	38739.7734	122012.5938	157827.8906
Zelda_250228_P3730_PH_UK_TMT18plex_2prc.02479.02479.2	X:\05_Projects\Lorenz_Sonja\Kuliesiute_Ugne\interact-Zelda_250228_P3730_PH_UK_TMT18plex_2prc.pep.xml	SGATAGAAGGR	n[305]SGATAGAAGGR	MPENVAPR.SGATAGAAGGR.GKGAYQDR	R	G	11	2	759.4113	1178.6321	1178.6329	590.3233	590.3237	1178.6328	590.3237	0.0001	0.00000000126896	22.347	10.676	1	2	0	9	19	10574926	N-term(304.2072)		0.73	true	sp|P50991|TCPD_HUMAN	P50991	TCPD_HUMAN	CCT4	T-complex protein 1 subunit delta			true	95547.8828	147439.7812	57612.9023	14609.8271	47880.2109	9547.6709	3410.3621	2998.0232	2849.2693	16453.2207	13772.249	39227.6758	74476.0312	23005.1895	17145.0645	10548.2988	43703.9883	34017.6328
Zelda_250228_P3730_PH_UK_TMT18plex_2prc.02501.02501.2	X:\05_Projects\Lorenz_Sonja\Kuliesiute_Ugne\interact-Zelda_250228_P3730_PH_UK_TMT18plex_2prc.pep.xml	QAQSPQPQR	n[305]QAQSPQPQR	PPPQGGPR.QAQSPQPQR.SGSPSQQR	R	S	9	2	762.3112	1342.7286	1342.728	672.3716	672.3713	1342.7278	672.3712	0.0002	0.001228146	19.143	6.957	0.9992	2	0	444	452	1080256.375	N-term(304.2072)		0.82	true	sp|O14994|SYN3_HUMAN	O14994	SYN3_HUMAN	SYN3	Synapsin-3			true	21820.6973	52550.1445	19239.0605	7998.5273	36082.6641	3159.3623	3404.0254	6142.2217	8600.4248	13413.3408	36409.5039	46106.3281	47287.7969	11923.0215	13948.8252	6395.9409	31434.2559	24581.8184
Zelda_250228_P3730_PH_UK_TMT18plex_2prc.02515.02515.2	X:\05_Projects\Lorenz_Sonja\Kuliesiute_Ugne\interact-Zelda_250228_P3730_PH_UK_TMT18plex_2prc.pep.xml	HAESVGDGER	n[305]HAESVGDGER	EIAHEKIR.HAESVGDGER.VSRSREKH	R	V	10	2	764.1461	1359.6688	1359.6705	680.8417	680.8425	1359.6704	680.8425	0.0001	4.4137E-10	30.487	10.301	1	2	0	307	316	1389937.125	N-term(304.2072)		1	true	sp|P30533|AMRP_HUMAN	P30533	AMRP_HUMAN	LRPAP1	Alpha-2-macroglobulin receptor-associated protein			true	200319.1094	164610.5781	22097.2871	3683.0552	3971.4829	2513.4412	1539.4521	0	1300.9592	5848.2388	4238.4326	7239.4136	9794.8809	3704.1899	3714.1118	1550.9506	5896.4248	5935.5801
